<?xml version="1.0" encoding="utf-8"?>
<ApplicationPackage
    SchemaVersion="1.0"
    AutodeskProduct="3ds Max"
    ProductType="Application"
    Name="Posture"
	Description="Pose Saver For 3Ds Max"
    AppVersion="1.3.0"
	Author="Sherzad Bahrami"
    ProductCode="{f6f0f21d-264d-4219-8a26-4765c2fd3fda}"
    UpgradeCode="{9d43745a-3473-43dc-8da8-9778e2c50021}">
    <CompanyDetails Name="CGcenter" Url="https://www.cgcenter.ir" />
    <Components Description="post-start-up scripts parts">
        <RuntimeRequirements OS="Win64" Platform="3ds Max" SeriesMin="2021" SeriesMax="2022" />
        <ComponentEntry AppName="Posture" Version="1.1.3" ModuleName="./Contents/2021.ms" />
    </Components>
    <Components Description="post-start-up scripts parts">
        <RuntimeRequirements OS="Win64" Platform="3ds Max" SeriesMin="2018" SeriesMax="2020" />
        <ComponentEntry AppName="Posture" Version="1.1.3" ModuleName="./Contents/2020.ms" />
    </Components>
</ApplicationPackage>